sequence_id	enzyme_type	length	organism	ec_number	pfam_domains	active_site_ok	len_ok	description
sp|P0DTQ4|TYRDC_ENTF3	TDC	620	Enterococcus faecalis (strain EnGen0310 / MMH594)	4.1.1.25	PF01276	Yes	Yes	sp|P0DTQ4|TYRDC_ENTF3 L-tyrosine decarboxylase OS=Enterococcus faecalis (strain EnGen0310 / MMH594) OX=1158653 GN=tyrDC PE=1 SV=1
sp|A0A481NV25|TYRDC_ENTFC	TDC	611	Enterococcus faecium	4.1.1.25	PF01276	Yes	Yes	sp|A0A481NV25|TYRDC_ENTFC L-tyrosine decarboxylase OS=Enterococcus faecium OX=1352 GN=tdc PE=1 SV=1
sp|J7GQ11|TYRDC_LEVBR	TDC	626	Levilactobacillus brevis	4.1.1.25	PF01276	Yes	Yes	sp|J7GQ11|TYRDC_LEVBR L-tyrosine decarboxylase OS=Levilactobacillus brevis OX=1580 GN=tdc PE=1 SV=1
tr|A0A4U4EF07|A0A4U4EF07_9ENTE	TDC	610	Enterococcus sp. VV15	4.1.1.25	PF01276	Yes	Yes	tr|A0A4U4EF07|A0A4U4EF07_9ENTE Tyrosine decarboxylase OS=Enterococcus sp. VV15 OX=2233541 GN=tdc PE=3 SV=1
tr|A0A377KIP0|A0A377KIP0_9ENTE	TDC	624	Enterococcus durans	4.1.1.25	PF01276	Yes	Yes	tr|A0A377KIP0|A0A377KIP0_9ENTE Tyrosine decarboxylase OS=Enterococcus durans OX=53345 GN=ddc_2 PE=4 SV=1
tr|A0A5N0YSQ5|A0A5N0YSQ5_9ENTE	TDC	610	Enterococcus durans	4.1.1.25	PF01276	Yes	Yes	tr|A0A5N0YSQ5|A0A5N0YSQ5_9ENTE Tyrosine decarboxylase OS=Enterococcus durans OX=53345 GN=tdc PE=3 SV=1
tr|A0A3Q9I8Z0|A0A3Q9I8Z0_9BACL	TDC	624	Paenibacillus lutimineralis	4.1.1.25	PF01276	Yes	Yes	tr|A0A3Q9I8Z0|A0A3Q9I8Z0_9BACL Tyrosine decarboxylase OS=Paenibacillus lutimineralis OX=2707005 GN=tdc PE=4 SV=1
tr|A0A4R4EBT3|A0A4R4EBT3_9BACL	TDC	625	Paenibacillus albiflavus	4.1.1.25	PF01276	Yes	Yes	tr|A0A4R4EBT3|A0A4R4EBT3_9BACL Tyrosine decarboxylase OS=Paenibacillus albiflavus OX=2545760 GN=tdc PE=4 SV=1
tr|A0A4S2C4N1|A0A4S2C4N1_ENTHR	TDC	624	Enterococcus hirae	4.1.1.25	PF01276	Yes	Yes	tr|A0A4S2C4N1|A0A4S2C4N1_ENTHR Tyrosine decarboxylase OS=Enterococcus hirae OX=1354 GN=ddc_1 PE=4 SV=1
tr|Q1JTV5|Q1JTV5_ENTFC	TDC	625	Enterococcus faecium	4.1.1.25	PF01276	Yes	Yes	tr|Q1JTV5|Q1JTV5_ENTFC Tyrosine decarboxylase OS=Enterococcus faecium OX=1352 GN=pheDC PE=4 SV=1
tr|A0A132Z680|A0A132Z680_ENTFC	TDC	611	Enterococcus faecium	4.1.1.25	PF01276	Yes	Yes	tr|A0A132Z680|A0A132Z680_ENTFC Tyrosine decarboxylase OS=Enterococcus faecium OX=1352 GN=tdc PE=4 SV=1
tr|A0A1A6G8N1|A0A1A6G8N1_ENTMU	TDC	624	Enterococcus mundtii	Unknown	PF01276	Yes	Yes	tr|A0A1A6G8N1|A0A1A6G8N1_ENTMU Decarboxylase OS=Enterococcus mundtii OX=53346 GN=tdc PE=4 SV=1
tr|A0A4R4EB76|A0A4R4EB76_9BACL	TDC	624	Paenibacillus albiflavus	4.1.1.25	PF01276	Yes	Yes	tr|A0A4R4EB76|A0A4R4EB76_9BACL Tyrosine decarboxylase OS=Paenibacillus albiflavus OX=2545760 GN=tdc PE=4 SV=1
tr|A0A4Z0JAG5|A0A4Z0JAG5_9LACO	TDC	627	Levilactobacillus suantsaiihabitans	4.1.1.25	PF01276	Yes	Yes	tr|A0A4Z0JAG5|A0A4Z0JAG5_9LACO Tyrosine decarboxylase OS=Levilactobacillus suantsaiihabitans OX=2487722 GN=tdc PE=4 SV=1
tr|A0A5B7T1A4|A0A5B7T1A4_9LACO	TDC	620	Companilactobacillus futsaii	4.1.1.25	PF01276	Yes	Yes	tr|A0A5B7T1A4|A0A5B7T1A4_9LACO Tyrosine decarboxylase OS=Companilactobacillus futsaii OX=938155 GN=tdc PE=4 SV=1
tr|A0A6I1MRG4|A0A6I1MRG4_9CLOT	TDC	622	Clostridium tarantellae	4.1.1.25	PF01276	Yes	Yes	tr|A0A6I1MRG4|A0A6I1MRG4_9CLOT Tyrosine decarboxylase OS=Clostridium tarantellae OX=39493 GN=tdc PE=4 SV=1
tr|A0A855XE53|A0A855XE53_LIMRT	TDC	616	Limosilactobacillus reuteri	4.1.1.25	PF01276	Yes	Yes	tr|A0A855XE53|A0A855XE53_LIMRT Tyrosine decarboxylase OS=Limosilactobacillus reuteri OX=1598 GN=tdc PE=4 SV=1
tr|A0AAW9MWE6|A0AAW9MWE6_9ENTE	TDC	625	Enterococcus sp. E5-162	4.1.1.25	PF01276	Yes	Yes	tr|A0AAW9MWE6|A0AAW9MWE6_9ENTE Tyrosine decarboxylase OS=Enterococcus sp. E5-162 OX=3002979 GN=tdc PE=4 SV=1
tr|A0A1A7U213|A0A1A7U213_ENTFC	TDC	611	Enterococcus faecium	4.1.1.25	PF01276	Yes	Yes	tr|A0A1A7U213|A0A1A7U213_ENTFC Tyrosine decarboxylase OS=Enterococcus faecium OX=1352 GN=tdc PE=4 SV=1
tr|A0A931AXB2|A0A931AXB2_9ENTE	TDC	610	Enterococcus lacertideformus	4.1.1.25	PF01276	Yes	Yes	tr|A0A931AXB2|A0A931AXB2_9ENTE Tyrosine decarboxylase OS=Enterococcus lacertideformus OX=2771493 GN=tdc PE=3 SV=1
tr|A0AA41EPF0|A0AA41EPF0_LEVBR	TDC	626	Levilactobacillus brevis	4.1.1.25	PF01276	Yes	Yes	tr|A0AA41EPF0|A0AA41EPF0_LEVBR Tyrosine decarboxylase OS=Levilactobacillus brevis OX=1580 GN=tdc PE=4 SV=1
tr|A0AAJ2JQI4|A0AAJ2JQI4_9BACL	TDC	623	Paenibacillus suaedae	4.1.1.25	PF01276	Yes	Yes	tr|A0AAJ2JQI4|A0AAJ2JQI4_9BACL Tyrosine decarboxylase OS=Paenibacillus suaedae OX=3077233 GN=tdc PE=4 SV=1
tr|A0AAW4R3J5|A0AAW4R3J5_BACCE	TDC	620	Bacillus cereus	4.1.1.25	PF01276	Yes	Yes	tr|A0AAW4R3J5|A0AAW4R3J5_BACCE Tyrosine decarboxylase OS=Bacillus cereus OX=1396 GN=tdc PE=4 SV=1
tr|A0AB74CWN7|A0AB74CWN7_ENTFC	TDC	611	Enterococcus faecium	4.1.1.25	PF01276	Yes	Yes	tr|A0AB74CWN7|A0AB74CWN7_ENTFC Tyrosine decarboxylase OS=Enterococcus faecium OX=1352 GN=tdc PE=4 SV=1
tr|A0A4V6XI25|A0A4V6XI25_9ENTE	TDC	624	Enterococcus sp. VV15	4.1.1.25	PF01276	Yes	Yes	tr|A0A4V6XI25|A0A4V6XI25_9ENTE Tyrosine decarboxylase OS=Enterococcus sp. VV15 OX=2233541 GN=tdc PE=4 SV=1
tr|A0A9X3XP58|A0A9X3XP58_ENTFC	TDC	611	Enterococcus faecium	4.1.1.25	PF01276	Yes	Yes	tr|A0A9X3XP58|A0A9X3XP58_ENTFC Tyrosine decarboxylase OS=Enterococcus faecium OX=1352 GN=tdc PE=4 SV=1
tr|A0AAP5JSA6|A0AAP5JSA6_9BACL	TDC	622	Paenibacillus larvae	4.1.1.25	PF01276	Yes	Yes	tr|A0AAP5JSA6|A0AAP5JSA6_9BACL Tyrosine decarboxylase OS=Paenibacillus larvae OX=1464 GN=tdc PE=4 SV=1
tr|A0AAP5JSG0|A0AAP5JSG0_9BACL	TDC	620	Paenibacillus larvae	4.1.1.25	PF01276	Yes	Yes	tr|A0AAP5JSG0|A0AAP5JSG0_9BACL Tyrosine decarboxylase OS=Paenibacillus larvae OX=1464 GN=tdc PE=4 SV=1
tr|A0AAW5XF62|A0AAW5XF62_9BACI	TDC	620	Bacillus cereus group sp. TH163-1LC	4.1.1.25	PF01276	Yes	Yes	tr|A0AAW5XF62|A0AAW5XF62_9BACI Tyrosine decarboxylase OS=Bacillus cereus group sp. TH163-1LC OX=3018057 GN=tdc PE=4 SV=1
tr|C7XV91|C7XV91_9LACO	TDC	621	Limosilactobacillus coleohominis 101-4-CHN	4.1.1.25	PF01276	Yes	Yes	tr|C7XV91|C7XV91_9LACO Tyrosine decarboxylase OS=Limosilactobacillus coleohominis 101-4-CHN OX=575594 GN=tdc PE=4 SV=1
tr|A0A4Q0VHJ1|A0A4Q0VHJ1_9LACO	TDC	628	Levilactobacillus suantsaii	4.1.1.25	PF01276	Yes	Yes	tr|A0A4Q0VHJ1|A0A4Q0VHJ1_9LACO Tyrosine decarboxylase OS=Levilactobacillus suantsaii OX=2292255 GN=tdc PE=4 SV=1
tr|A0A5P0ZYC5|A0A5P0ZYC5_9LACO	TDC	622	Companilactobacillus halodurans	4.1.1.25	PF01276	Yes	Yes	tr|A0A5P0ZYC5|A0A5P0ZYC5_9LACO Tyrosine decarboxylase OS=Companilactobacillus halodurans OX=2584183 GN=tdc PE=4 SV=1
tr|A0A7W1XH23|A0A7W1XH23_9ENTE	TDC	611	Enterococcus lactis	4.1.1.25	PF01276	Yes	Yes	tr|A0A7W1XH23|A0A7W1XH23_9ENTE Tyrosine decarboxylase OS=Enterococcus lactis OX=357441 GN=tdc PE=4 SV=1
tr|A0A7X2XVC1|A0A7X2XVC1_9LACO	TDC	627	Secundilactobacillus folii	4.1.1.25	PF01276	Yes	Yes	tr|A0A7X2XVC1|A0A7X2XVC1_9LACO Tyrosine decarboxylase OS=Secundilactobacillus folii OX=2678357 GN=tdc PE=4 SV=1
tr|A0A848MVI1|A0A848MVI1_ENTMU	TDC	611	Enterococcus mundtii	4.1.1.25	PF01276	Yes	Yes	tr|A0A848MVI1|A0A848MVI1_ENTMU Tyrosine decarboxylase OS=Enterococcus mundtii OX=53346 GN=tdc PE=4 SV=1
tr|A0AAJ1WAM9|A0AAJ1WAM9_9ENTE	TDC	611	Enterococcus lactis	4.1.1.25	PF01276	Yes	Yes	tr|A0AAJ1WAM9|A0AAJ1WAM9_9ENTE Tyrosine decarboxylase OS=Enterococcus lactis OX=357441 GN=tdc PE=4 SV=1
tr|A0AAP7A1C6|A0AAP7A1C6_PAEAL	TDC	623	Paenibacillus alvei	4.1.1.25	PF01276	Yes	Yes	tr|A0AAP7A1C6|A0AAP7A1C6_PAEAL Tyrosine decarboxylase OS=Paenibacillus alvei OX=44250 GN=tdc PE=4 SV=1
tr|A0AAW4QG98|A0AAW4QG98_9ENTE	TDC	611	Enterococcus lactis	4.1.1.25	PF01276	Yes	Yes	tr|A0AAW4QG98|A0AAW4QG98_9ENTE Tyrosine decarboxylase OS=Enterococcus lactis OX=357441 GN=tdc PE=4 SV=1
tr|A0A1Q8J840|A0A1Q8J840_ENTFL	TDC	636	Enterococcus faecalis	4.1.1.25	PF01276	Yes	Yes	tr|A0A1Q8J840|A0A1Q8J840_ENTFL Tyrosine decarboxylase OS=Enterococcus faecalis OX=1351 GN=tdc PE=4 SV=1
tr|A0A8B3RVB8|A0A8B3RVB8_ENTFL	TDC	636	Enterococcus faecalis	4.1.1.25	PF01276	Yes	Yes	tr|A0A8B3RVB8|A0A8B3RVB8_ENTFL Tyrosine decarboxylase OS=Enterococcus faecalis OX=1351 GN=tdc PE=4 SV=1
tr|A0A9X1WKV2|A0A9X1WKV2_9BACL	TDC	622	Paenibacillus mangrovi	4.1.1.25	PF01276	Yes	Yes	tr|A0A9X1WKV2|A0A9X1WKV2_9BACL Tyrosine decarboxylase OS=Paenibacillus mangrovi OX=2931978 GN=tdc PE=4 SV=1
tr|A0AAI8LID2|A0AAI8LID2_ENTFC	TDC	611	Enterococcus faecium	4.1.1.25	PF01276	Yes	Yes	tr|A0AAI8LID2|A0AAI8LID2_ENTFC Tyrosine decarboxylase OS=Enterococcus faecium OX=1352 GN=tdc PE=4 SV=1
tr|A0AAW4R7Z4|A0AAW4R7Z4_BACCE	TDC	620	Bacillus cereus	4.1.1.25	PF01276	Yes	Yes	tr|A0AAW4R7Z4|A0AAW4R7Z4_BACCE Tyrosine decarboxylase OS=Bacillus cereus OX=1396 GN=tdc PE=4 SV=1
tr|A0AB38X3B8|A0AB38X3B8_LEVBR	TDC	626	Levilactobacillus brevis	4.1.1.25	PF01276	Yes	Yes	tr|A0AB38X3B8|A0AB38X3B8_LEVBR Tyrosine decarboxylase OS=Levilactobacillus brevis OX=1580 GN=tdc PE=4 SV=1
tr|E3C752|E3C752_9LACO	TDC	616	Limosilactobacillus oris PB013-T2-3	4.1.1.25	PF01276	Yes	Yes	tr|E3C752|E3C752_9LACO Tyrosine decarboxylase OS=Limosilactobacillus oris PB013-T2-3 OX=908339 GN=tdc PE=4 SV=1
tr|B8PV35|B8PV35_LEVBR	TDC	626	Levilactobacillus brevis	4.1.1.25	PF01276	Yes	Yes	tr|B8PV35|B8PV35_LEVBR Tyrosine decarboxylase OS=Levilactobacillus brevis OX=1580 GN=tyrdc PE=4 SV=1
tr|A0A1C9T9W1|A0A1C9T9W1_ENTMU	TDC	624	Enterococcus mundtii	4.1.1.25	PF01276	Yes	Yes	tr|A0A1C9T9W1|A0A1C9T9W1_ENTMU Tyrosine decarboxylase OS=Enterococcus mundtii OX=53346 GN=tyrDC PE=4 SV=1
tr|E7CZH5|E7CZH5_ENTFC	TDC	625	Enterococcus faecium	Unknown	PF01276	Yes	Yes	tr|E7CZH5|E7CZH5_ENTFC TyrdC OS=Enterococcus faecium OX=1352 GN=tyrDC PE=4 SV=1
tr|F4ZSS1|F4ZSS1_9BACL	TDC	639	Sporolactobacillus sp. P3J	4.1.1.25	PF01276	Yes	Yes	tr|F4ZSS1|F4ZSS1_9BACL Tyrosine decarboxylase OS=Sporolactobacillus sp. P3J OX=1006587 GN=tyrdc PE=4 SV=1
tr|J7JMQ1|J7JMQ1_LACPN	TDC	626	Lactiplantibacillus plantarum	4.1.1.25	PF01276	Yes	Yes	tr|J7JMQ1|J7JMQ1_LACPN Pyridoxal-dependent tyrosine decarboxylase OS=Lactiplantibacillus plantarum OX=1590 GN=tyrDC PE=4 SV=1
tr|Q6JV27|Q6JV27_ENTHR	TDC	624	Enterococcus hirae	4.1.1.25	PF01276	Yes	Yes	tr|Q6JV27|Q6JV27_ENTHR Tyrosine decarboxylase OS=Enterococcus hirae OX=1354 GN=tyrDc PE=4 SV=1
tr|Q8GH24|Q8GH24_LEVBR	TDC	635	Levilactobacillus brevis	4.1.1.25	PF01276	Yes	Yes	tr|Q8GH24|Q8GH24_LEVBR Pyridoxal-dependent tyrosine decarboxylase OS=Levilactobacillus brevis OX=1580 GN=tyrDC PE=4 SV=2
sp|I0DFJ0|AADC_BACAT	SadA/AADC	480	Bacillus atrophaeus	Unknown	PF01276	Yes	Yes	sp|I0DFJ0|AADC_BACAT Aromatic-L-amino-acid decarboxylase OS=Bacillus atrophaeus OX=1452 PE=1 SV=1
tr|Q88JU5|Q88JU5_PSEPK	SadA/AADC	470	Pseudomonas putida (strain ATCC 47054 / DSM 6125 / CFBP 8728 / NCIMB 11950 / KT2440)	Unknown	PF01276	Yes	Yes	tr|Q88JU5|Q88JU5_PSEPK DOPA decarboxylase OS=Pseudomonas putida (strain ATCC 47054 / DSM 6125 / CFBP 8728 / NCIMB 11950 / KT2440) OX=160488 GN=PP_2552 PE=1 SV=1
sp|P0A0E8|SADA_STAAU	SadA/AADC	506	Staphylococcus aureus	4.1.1.28	PF01276	Yes	Yes	sp|P0A0E8|SADA_STAAU Staphylococcal aromatic amino acid decarboxylase SadA OS=Staphylococcus aureus OX=1280 GN=sadA PE=1 SV=1
sp|P0A0E8|SADA_STAAU	SadA	506	Staphylococcus aureus	4.1.1.28	PF01276	Yes	Yes	sp|P0A0E8|SADA_STAAU Staphylococcal aromatic amino acid decarboxylase SadA OS=Staphylococcus aureus OX=1280 GN=sadA PE=1 SV=1
tr|A0A3K0WEG0|A0A3K0WEG0_ECOLX	GAD	408	Escherichia coli	4.1.1.15	PF01276	Yes	Yes	tr|A0A3K0WEG0|A0A3K0WEG0_ECOLX Glutamate decarboxylase (Fragment) OS=Escherichia coli OX=562 GN=D9D43_24490 PE=3 SV=1
tr|A0A2X1MSR4|A0A2X1MSR4_ECOLX	GAD	413	Escherichia coli	4.1.1.15	PF01276	Yes	Yes	tr|A0A2X1MSR4|A0A2X1MSR4_ECOLX Glutamate decarboxylase OS=Escherichia coli OX=562 GN=gadB_1 PE=3 SV=1
tr|A0A0U4J1H4|A0A0U4J1H4_ECOLX	GAD	430	Escherichia coli	4.1.1.15	PF01276	Yes	Yes	tr|A0A0U4J1H4|A0A0U4J1H4_ECOLX Glutamate decarboxylase OS=Escherichia coli OX=562 GN=gadB_1 PE=3 SV=1
tr|A0A2W6RBX2|A0A2W6RBX2_ECOLX	GAD	448	Escherichia coli	4.1.1.15	PF01276	Yes	Yes	tr|A0A2W6RBX2|A0A2W6RBX2_ECOLX Glutamate decarboxylase (Fragment) OS=Escherichia coli OX=562 GN=DNQ45_11115 PE=3 SV=1
tr|A0A1E5GC92|A0A1E5GC92_9ENTE	GAD	448	Enterococcus ureasiticus	4.1.1.15	PF01276	Yes	Yes	tr|A0A1E5GC92|A0A1E5GC92_9ENTE Glutamate decarboxylase OS=Enterococcus ureasiticus OX=903984 GN=BCR21_13310 PE=3 SV=1
tr|A0A0H2YZJ8|A0A0H2YZJ8_ECOK1	GAD	430	Escherichia coli O1:K1 / APEC	4.1.1.15	PF01276	Yes	Yes	tr|A0A0H2YZJ8|A0A0H2YZJ8_ECOK1 Glutamate decarboxylase OS=Escherichia coli O1:K1 / APEC OX=405955 GN=gadA PE=3 SV=1
tr|A0A2S1EPW6|A0A2S1EPW6_LIMRT	GAD	454	Limosilactobacillus reuteri	4.1.1.15	PF01276	Yes	Yes	tr|A0A2S1EPW6|A0A2S1EPW6_LIMRT Glutamate decarboxylase OS=Limosilactobacillus reuteri OX=1598 GN=gadB PE=3 SV=1
tr|A0A543Q0G8|A0A543Q0G8_ACITH	GAD	457	Acidithiobacillus thiooxidans ATCC 19377	4.1.1.15	PF01276	Yes	Yes	tr|A0A543Q0G8|A0A543Q0G8_ACITH Glutamate decarboxylase OS=Acidithiobacillus thiooxidans ATCC 19377 OX=637390 GN=gadA PE=3 SV=1
tr|A0A543I351|A0A543I351_9MICO	GAD	458	Humibacillus xanthopallidus	4.1.1.15	PF01276	Yes	Yes	tr|A0A543I351|A0A543I351_9MICO Glutamate decarboxylase OS=Humibacillus xanthopallidus OX=412689 GN=FBY41_1353 PE=3 SV=1
tr|A0A242DEM9|A0A242DEM9_9ENTE	GAD	458	Enterococcus sp. 3H8_DIV0648	4.1.1.15	PF01276	Yes	Yes	tr|A0A242DEM9|A0A242DEM9_9ENTE Glutamate decarboxylase OS=Enterococcus sp. 3H8_DIV0648 OX=1834178 GN=A5875_002329 PE=3 SV=1
tr|A0A1B9BZX8|A0A1B9BZX8_9PROT	GAD	458	Acidithiobacillus ferrivorans	4.1.1.15	PF01276	Yes	Yes	tr|A0A1B9BZX8|A0A1B9BZX8_9PROT Glutamate decarboxylase OS=Acidithiobacillus ferrivorans OX=160808 GN=BBC27_09080 PE=3 SV=1
tr|A0A0P7PX37|A0A0P7PX37_ECOLX	GAD	458	Escherichia coli	4.1.1.15	PF01276	Yes	Yes	tr|A0A0P7PX37|A0A0P7PX37_ECOLX Glutamate decarboxylase (Fragment) OS=Escherichia coli OX=562 GN=ACU57_05425 PE=3 SV=1
tr|A0A0P7LQV5|A0A0P7LQV5_ECOLX	GAD	458	Escherichia coli	4.1.1.15	PF01276	Yes	Yes	tr|A0A0P7LQV5|A0A0P7LQV5_ECOLX Glutamate decarboxylase (Fragment) OS=Escherichia coli OX=562 GN=ACU57_09560 PE=3 SV=1
tr|A0A060UKR5|A0A060UKR5_9PROT	GAD	458	Acidithiobacillus ferrivorans	4.1.1.15	PF01276	Yes	Yes	tr|A0A060UKR5|A0A060UKR5_9PROT Glutamate decarboxylase OS=Acidithiobacillus ferrivorans OX=160808 GN=gadB PE=3 SV=1
tr|A0A1E5GMT5|A0A1E5GMT5_9ENTE	GAD	460	Enterococcus ureasiticus	4.1.1.15	PF01276	Yes	Yes	tr|A0A1E5GMT5|A0A1E5GMT5_9ENTE Glutamate decarboxylase OS=Enterococcus ureasiticus OX=903984 GN=BCR21_03205 PE=3 SV=1
tr|A0A401UN38|A0A401UN38_9CLOT	GAD	462	Clostridium tagluense	4.1.1.15	PF01276	Yes	Yes	tr|A0A401UN38|A0A401UN38_9CLOT Glutamate decarboxylase OS=Clostridium tagluense OX=360422 GN=gadA PE=3 SV=1
tr|A0A1L8RKH2|A0A1L8RKH2_9ENTE	GAD	463	Enterococcus canis	4.1.1.15	PF01276	Yes	Yes	tr|A0A1L8RKH2|A0A1L8RKH2_9ENTE Glutamate decarboxylase OS=Enterococcus canis OX=214095 GN=RU97_GL000502 PE=3 SV=1
tr|A0A1B2I7Z4|A0A1B2I7Z4_9BACT	GAD	463	Cloacibacillus porcorum	4.1.1.15	PF01276	Yes	Yes	tr|A0A1B2I7Z4|A0A1B2I7Z4_9BACT Glutamate decarboxylase OS=Cloacibacillus porcorum OX=1197717 GN=BED41_13890 PE=3 SV=1
tr|A0A0M3DIB3|A0A0M3DIB3_9FIRM	GAD	463	Paraclostridium benzoelyticum	4.1.1.15	PF01276	Yes	Yes	tr|A0A0M3DIB3|A0A0M3DIB3_9FIRM Glutamate decarboxylase OS=Paraclostridium benzoelyticum OX=1629550 GN=VN21_10165 PE=3 SV=1
tr|A0A448TUJ3|A0A448TUJ3_9PAST	GAD	464	Actinobacillus delphinicola	4.1.1.15	PF01276	Yes	Yes	tr|A0A448TUJ3|A0A448TUJ3_9PAST Glutamate decarboxylase OS=Actinobacillus delphinicola OX=51161 GN=gadB PE=3 SV=1
tr|A0A3D5MT83|A0A3D5MT83_CLOSP	GAD	464	Clostridium sp	4.1.1.15	PF01276	Yes	Yes	tr|A0A3D5MT83|A0A3D5MT83_CLOSP Glutamate decarboxylase OS=Clostridium sp OX=1506 GN=DG753_02305 PE=3 SV=1
tr|A0A291DL39|A0A291DL39_9ENTE	GAD	464	Enterococcus sp. FDAARGOS_375	4.1.1.15	PF01276	Yes	Yes	tr|A0A291DL39|A0A291DL39_9ENTE Glutamate decarboxylase OS=Enterococcus sp. FDAARGOS_375 OX=2060307 GN=CO692_06855 PE=3 SV=1
tr|A0A0D0NHG5|A0A0D0NHG5_ECOLX	GAD	464	Escherichia coli	4.1.1.15	PF01276	Yes	Yes	tr|A0A0D0NHG5|A0A0D0NHG5_ECOLX Glutamate decarboxylase (Fragment) OS=Escherichia coli OX=562 GN=BTQ06_14250 PE=3 SV=1
tr|A0A5E6YFL4|A0A5E6YFL4_PSEFL	GAD	465	Pseudomonas fluorescens	4.1.1.15	PF01276	Yes	Yes	tr|A0A5E6YFL4|A0A5E6YFL4_PSEFL Glutamate decarboxylase OS=Pseudomonas fluorescens OX=294 GN=gadA PE=3 SV=1
tr|A0A494R7B7|A0A494R7B7_9PSED	GAD	465	Pseudomonas sp. TMW 2.1634	4.1.1.15	PF01276	Yes	Yes	tr|A0A494R7B7|A0A494R7B7_9PSED Glutamate decarboxylase OS=Pseudomonas sp. TMW 2.1634 OX=1886807 GN=BFC21_21490 PE=3 SV=1
tr|A0A3S1BCS5|A0A3S1BCS5_9PSED	GAD	465	Pseudomonas sp. PAMC 29040	4.1.1.15	PF01276	Yes	Yes	tr|A0A3S1BCS5|A0A3S1BCS5_9PSED Glutamate decarboxylase OS=Pseudomonas sp. PAMC 29040 OX=2498450 GN=WG29040_13835 PE=3 SV=1
tr|A0A3P5DQN4|A0A3P5DQN4_ECOLX	GAD	465	Escherichia coli	4.1.1.15	PF01276	Yes	Yes	tr|A0A3P5DQN4|A0A3P5DQN4_ECOLX Glutamate decarboxylase OS=Escherichia coli OX=562 GN=gadB_1 PE=3 SV=1
tr|A0A266LQK7|A0A266LQK7_PSEFR	GAD	465	Pseudomonas fragi	4.1.1.15	PF01276	Yes	Yes	tr|A0A266LQK7|A0A266LQK7_PSEFR Glutamate decarboxylase OS=Pseudomonas fragi OX=296 GN=CJF43_18595 PE=3 SV=1
tr|A0A105TMG0|A0A105TMG0_9PSED	GAD	465	Pseudomonas sp. TAD18	4.1.1.15	PF01276	Yes	Yes	tr|A0A105TMG0|A0A105TMG0_9PSED Glutamate decarboxylase OS=Pseudomonas sp. TAD18 OX=1729583 GN=gadA PE=3 SV=1
tr|A0A0J6IFA7|A0A0J6IFA7_9PSED	GAD	465	Pseudomonas helleri	4.1.1.15	PF01276	Yes	Yes	tr|A0A0J6IFA7|A0A0J6IFA7_9PSED Glutamate decarboxylase OS=Pseudomonas helleri OX=1608996 GN=GHO27_06530 PE=3 SV=1
tr|A5YKJ2|A5YKJ2_ECOLX	GAD	466	Escherichia coli	4.1.1.15	PF01276	Yes	Yes	tr|A5YKJ2|A5YKJ2_ECOLX Glutamate decarboxylase OS=Escherichia coli OX=562 GN=gadB PE=1 SV=1
tr|A0A5F1HY14|A0A5F1HY14_9ESCH	GAD	466	Escherichia sp. E1130	4.1.1.15	PF01276	Yes	Yes	tr|A0A5F1HY14|A0A5F1HY14_9ESCH Glutamate decarboxylase OS=Escherichia sp. E1130 OX=2041645 GN=CQJ27_21225 PE=3 SV=1
tr|A0A4P8C0E4|A0A4P8C0E4_ECOLX	GAD	466	Escherichia coli O145:NM	4.1.1.15	PF01276	Yes	Yes	tr|A0A4P8C0E4|A0A4P8C0E4_ECOLX Glutamate decarboxylase OS=Escherichia coli O145:NM OX=991919 GN=CCU01_014750 PE=3 SV=1
tr|A0A454A8X6|A0A454A8X6_ECOL5	GAD	466	Escherichia coli O6:K15:H31 (strain 536 / UPEC)	4.1.1.15	PF01276	Yes	Yes	tr|A0A454A8X6|A0A454A8X6_ECOL5 Glutamate decarboxylase OS=Escherichia coli O6:K15:H31 (strain 536 / UPEC) OX=362663 GN=ECP_3616 PE=3 SV=1
tr|A0A454A444|A0A454A444_ECOL5	GAD	466	Escherichia coli O6:K15:H31 (strain 536 / UPEC)	4.1.1.15	PF01276	Yes	Yes	tr|A0A454A444|A0A454A444_ECOL5 Glutamate decarboxylase OS=Escherichia coli O6:K15:H31 (strain 536 / UPEC) OX=362663 GN=ECP_1489 PE=3 SV=1
tr|A0A437URT8|A0A437URT8_ENTAV	GAD	466	Enterococcus avium	4.1.1.15	PF01276	Yes	Yes	tr|A0A437URT8|A0A437URT8_ENTAV Glutamate decarboxylase OS=Enterococcus avium OX=33945 GN=EK398_16765 PE=3 SV=1
tr|A0A376P5S4|A0A376P5S4_ECOLX	GAD	466	Escherichia coli	4.1.1.15	PF01276	Yes	Yes	tr|A0A376P5S4|A0A376P5S4_ECOLX Glutamate decarboxylase OS=Escherichia coli OX=562 GN=gadB_2 PE=3 SV=1
tr|A0A376M7R0|A0A376M7R0_ECOLX	GAD	466	Escherichia coli	4.1.1.15	PF01276	Yes	Yes	tr|A0A376M7R0|A0A376M7R0_ECOLX Glutamate decarboxylase OS=Escherichia coli OX=562 GN=gadB_2 PE=3 SV=1
tr|A0A376GZY3|A0A376GZY3_ENTGA	GAD	466	Enterococcus gallinarum	4.1.1.15	PF01276	Yes	Yes	tr|A0A376GZY3|A0A376GZY3_ENTGA Glutamate decarboxylase OS=Enterococcus gallinarum OX=1353 GN=gadB PE=3 SV=1
tr|A0A1W1WF42|A0A1W1WF42_SULTA	GAD	466	Sulfobacillus thermosulfidooxidans (strain DSM 9293 / VKM B-1269 / AT-1)	4.1.1.15	PF01276	Yes	Yes	tr|A0A1W1WF42|A0A1W1WF42_SULTA Glutamate decarboxylase OS=Sulfobacillus thermosulfidooxidans (strain DSM 9293 / VKM B-1269 / AT-1) OX=929705 GN=SAMN00768000_1836 PE=3 SV=1
tr|A0A1Q4PGK9|A0A1Q4PGK9_ECOLX	GAD	466	Escherichia coli	4.1.1.15	PF01276	Yes	Yes	tr|A0A1Q4PGK9|A0A1Q4PGK9_ECOLX Glutamate decarboxylase OS=Escherichia coli OX=562 GN=gadB_2 PE=3 SV=1
tr|A0A1Q2TST5|A0A1Q2TST5_9ENTE	GAD	466	Enterococcus sp. YS67	4.1.1.15	PF01276	Yes	Yes	tr|A0A1Q2TST5|A0A1Q2TST5_9ENTE Glutamate decarboxylase OS=Enterococcus sp. YS67 OX=1941119 GN=gadB PE=3 SV=1
tr|A0A1L8SVY3|A0A1L8SVY3_9ENTE	GAD	466	Enterococcus devriesei	4.1.1.15	PF01276	Yes	Yes	tr|A0A1L8SVY3|A0A1L8SVY3_9ENTE Glutamate decarboxylase OS=Enterococcus devriesei OX=319970 GN=RV00_GL001616 PE=3 SV=1
tr|A0A1L8SVW3|A0A1L8SVW3_9ENTE	GAD	466	Enterococcus devriesei	4.1.1.15	PF01276	Yes	Yes	tr|A0A1L8SVW3|A0A1L8SVW3_9ENTE Glutamate decarboxylase OS=Enterococcus devriesei OX=319970 GN=RV00_GL002247 PE=3 SV=1
tr|A0A1L4IYR5|A0A1L4IYR5_ECOLX	GAD	466	Escherichia coli	4.1.1.15	PF01276	Yes	Yes	tr|A0A1L4IYR5|A0A1L4IYR5_ECOLX Glutamate decarboxylase OS=Escherichia coli OX=562 GN=EN85_003239 PE=3 SV=1
tr|A0A1E5GS70|A0A1E5GS70_9ENTE	GAD	466	Enterococcus quebecensis	4.1.1.15	PF01276	Yes	Yes	tr|A0A1E5GS70|A0A1E5GS70_9ENTE Glutamate decarboxylase OS=Enterococcus quebecensis OX=903983 GN=BCR23_08825 PE=3 SV=1
tr|A0A0H3EHC9|A0A0H3EHC9_ECO8N	GAD	466	Escherichia coli O83:H1 (strain NRG 857C / AIEC)	4.1.1.15	PF01276	Yes	Yes	tr|A0A0H3EHC9|A0A0H3EHC9_ECO8N Glutamate decarboxylase OS=Escherichia coli O83:H1 (strain NRG 857C / AIEC) OX=685038 GN=NRG857_07375 PE=3 SV=1
tr|A0A0B5CMJ7|A0A0B5CMJ7_9ENTE	GAD	466	Enterococcus sp. JK29	4.1.1.15	PF01276	Yes	Yes	tr|A0A0B5CMJ7|A0A0B5CMJ7_9ENTE Glutamate decarboxylase OS=Enterococcus sp. JK29 OX=1555204 PE=3 SV=1
sp|Q8FHG5|DCEB_ECOL6	GAD	466	Escherichia coli O6:H1 (strain CFT073 / ATCC 700928 / UPEC)	4.1.1.15	PF01276	Yes	Yes	sp|Q8FHG5|DCEB_ECOL6 Glutamate decarboxylase beta OS=Escherichia coli O6:H1 (strain CFT073 / ATCC 700928 / UPEC) OX=199310 GN=gadB PE=3 SV=2
sp|Q1IAK7|DCHS_PSEE4	HDC	403	Pseudomonas entomophila (strain L48)	4.1.1.22	PF01276	Yes	No	sp|Q1IAK7|DCHS_PSEE4 Histidine decarboxylase OS=Pseudomonas entomophila (strain L48) OX=384676 GN=hdc PE=3 SV=1
tr|A0AAU0SNL3|A0AAU0SNL3_9PSED	HDC	404	Pseudomonas sp. CCI1.1	4.1.1.22	PF01276	Yes	No	tr|A0AAU0SNL3|A0AAU0SNL3_9PSED Histidine decarboxylase OS=Pseudomonas sp. CCI1.1 OX=3048613 GN=hdc PE=3 SV=1
tr|A0A7Z3AKM4|A0A7Z3AKM4_9PSED	HDC	404	Pseudomonas sp. ADAK18	4.1.1.22	PF01276	Yes	No	tr|A0A7Z3AKM4|A0A7Z3AKM4_9PSED Histidine decarboxylase OS=Pseudomonas sp. ADAK18 OX=2730848 GN=hdc PE=3 SV=1
tr|A0A6I3WAY1|A0A6I3WAY1_9PSED	HDC	404	Pseudomonas spelaei	4.1.1.22	PF01276	Yes	No	tr|A0A6I3WAY1|A0A6I3WAY1_9PSED Histidine decarboxylase OS=Pseudomonas spelaei OX=1055469 GN=hdc PE=3 SV=1
tr|A0A3E1HVD4|A0A3E1HVD4_9PSED	HDC	404	Pseudomonas sp. GL93	4.1.1.22	PF01276	Yes	No	tr|A0A3E1HVD4|A0A3E1HVD4_9PSED Histidine decarboxylase OS=Pseudomonas sp. GL93 OX=2014741 GN=hdc PE=3 SV=1
sp|P95477|DCHS_PSEFL	HDC	405	Pseudomonas fluorescens	4.1.1.22	PF01276	Yes	No	sp|P95477|DCHS_PSEFL Histidine decarboxylase OS=Pseudomonas fluorescens OX=294 GN=hdc PE=3 SV=1
tr|A0A4U3I666|A0A4U3I666_9PSED	HDC	407	Pseudomonas sp. CFBP13528	4.1.1.22	PF01276	Yes	No	tr|A0A4U3I666|A0A4U3I666_9PSED Histidine decarboxylase OS=Pseudomonas sp. CFBP13528 OX=2184006 GN=hdc PE=3 SV=1
tr|A0A2N1E1Q4|A0A2N1E1Q4_PSEFL	HDC	407	Pseudomonas fluorescens	4.1.1.22	PF01276	Yes	No	tr|A0A2N1E1Q4|A0A2N1E1Q4_PSEFL Histidine decarboxylase OS=Pseudomonas fluorescens OX=294 GN=hdc PE=3 SV=1
tr|A0A1B5CV54|A0A1B5CV54_9PSED	HDC	407	Pseudomonas sp. 44 R 15	4.1.1.22	PF01276	Yes	No	tr|A0A1B5CV54|A0A1B5CV54_9PSED Histidine decarboxylase OS=Pseudomonas sp. 44 R 15 OX=1844105 GN=hdc PE=3 SV=1
tr|A0A7X1G3A5|A0A7X1G3A5_9PSED	HDC	408	Pseudomonas baltica	4.1.1.22	PF01276	Yes	No	tr|A0A7X1G3A5|A0A7X1G3A5_9PSED Histidine decarboxylase OS=Pseudomonas baltica OX=2762576 GN=hdc PE=3 SV=1
tr|A0A558FFT4|A0A558FFT4_9PSED	HDC	408	Pseudomonas sp. H3(2019)	4.1.1.22	PF01276	Yes	No	tr|A0A558FFT4|A0A558FFT4_9PSED Histidine decarboxylase OS=Pseudomonas sp. H3(2019) OX=2598724 GN=hdc PE=3 SV=1
tr|A0A423H9B8|A0A423H9B8_9PSED	HDC	408	Pseudomonas brassicacearum	4.1.1.22	PF01276	Yes	No	tr|A0A423H9B8|A0A423H9B8_9PSED Histidine decarboxylase OS=Pseudomonas brassicacearum OX=930166 GN=hdc PE=3 SV=1
tr|A0A2N8C9I4|A0A2N8C9I4_9PSED	HDC	408	Pseudomonas sp. FW306-2-11AA	4.1.1.22	PF01276	Yes	No	tr|A0A2N8C9I4|A0A2N8C9I4_9PSED Histidine decarboxylase OS=Pseudomonas sp. FW306-2-11AA OX=2070663 GN=hdc PE=3 SV=1
tr|A0A1J0ESR6|A0A1J0ESR6_9PSED	HDC	408	Pseudomonas frederiksbergensis	4.1.1.22	PF01276	Yes	No	tr|A0A1J0ESR6|A0A1J0ESR6_9PSED Histidine decarboxylase OS=Pseudomonas frederiksbergensis OX=104087 GN=hdc PE=3 SV=1
tr|A0A1H5ENP4|A0A1H5ENP4_9PSED	HDC	408	Pseudomonas frederiksbergensis	4.1.1.22	PF01276	Yes	No	tr|A0A1H5ENP4|A0A1H5ENP4_9PSED Histidine decarboxylase OS=Pseudomonas frederiksbergensis OX=104087 GN=hdc PE=3 SV=1
tr|A0A1H3J8V4|A0A1H3J8V4_9PSED	HDC	408	Pseudomonas sp. NFIX28	4.1.1.22	PF01276	Yes	No	tr|A0A1H3J8V4|A0A1H3J8V4_9PSED Histidine decarboxylase OS=Pseudomonas sp. NFIX28 OX=1566235 GN=hdc PE=3 SV=1
tr|A0A089YPE5|A0A089YPE5_9PSED	HDC	408	Pseudomonas rhizosphaerae	4.1.1.22	PF01276	Yes	No	tr|A0A089YPE5|A0A089YPE5_9PSED Histidine decarboxylase OS=Pseudomonas rhizosphaerae OX=216142 GN=hdc PE=3 SV=1
tr|A0A8H9Z6U2|A0A8H9Z6U2_9PSED	HDC	427	Pseudomonas sp. BW16M2	4.1.1.22	PF01276	Yes	No	tr|A0A8H9Z6U2|A0A8H9Z6U2_9PSED Histidine decarboxylase OS=Pseudomonas sp. BW16M2 OX=2745489 GN=hdc PE=3 SV=1
tr|A0A7W2JYD4|A0A7W2JYD4_9PSED	HDC	427	Pseudomonas mosselii	4.1.1.22	PF01276	Yes	No	tr|A0A7W2JYD4|A0A7W2JYD4_9PSED Histidine decarboxylase OS=Pseudomonas mosselii OX=78327 GN=hdc PE=3 SV=1
tr|A0A923G8E8|A0A923G8E8_9PSED	HDC	431	Pseudomonas peradeniyensis	4.1.1.22	PF01276	Yes	No	tr|A0A923G8E8|A0A923G8E8_9PSED Histidine decarboxylase OS=Pseudomonas peradeniyensis OX=2745488 GN=hdc PE=3 SV=1
tr|A0A2W7KN48|A0A2W7KN48_9PSED	HDC	431	Pseudomonas sp. 2848	4.1.1.22	PF01276	Yes	No	tr|A0A2W7KN48|A0A2W7KN48_9PSED Histidine decarboxylase OS=Pseudomonas sp. 2848 OX=2183926 GN=hdc PE=3 SV=1
tr|A0A2V4IEI9|A0A2V4IEI9_9PSED	HDC	431	Pseudomonas soli	4.1.1.22	PF01276	Yes	No	tr|A0A2V4IEI9|A0A2V4IEI9_9PSED Histidine decarboxylase OS=Pseudomonas soli OX=1306993 GN=hdc PE=3 SV=1
tr|A0A2L0LKS9|A0A2L0LKS9_9PSED	HDC	431	Pseudomonas sp. PONIH3	4.1.1.22	PF01276	Yes	No	tr|A0A2L0LKS9|A0A2L0LKS9_9PSED Histidine decarboxylase OS=Pseudomonas sp. PONIH3 OX=1636610 GN=hdc PE=3 SV=1
tr|A0A1H8Z6E9|A0A1H8Z6E9_9PSED	HDC	431	Pseudomonas soli	4.1.1.22	PF01276	Yes	No	tr|A0A1H8Z6E9|A0A1H8Z6E9_9PSED Histidine decarboxylase OS=Pseudomonas soli OX=1306993 GN=hdc PE=3 SV=1
tr|A0A0F7XYJ8|A0A0F7XYJ8_9PSED	HDC	431	Pseudomonas sp. CCOS 191	4.1.1.22	PF01276	Yes	No	tr|A0A0F7XYJ8|A0A0F7XYJ8_9PSED Histidine decarboxylase OS=Pseudomonas sp. CCOS 191 OX=1649877 GN=hdc PE=3 SV=1
tr|A0A844EAN4|A0A844EAN4_9LACO	HDC	309	Lentilactobacillus parabuchneri	4.1.1.22	PF01276	Yes	No	tr|A0A844EAN4|A0A844EAN4_9LACO Histidine decarboxylase proenzyme OS=Lentilactobacillus parabuchneri OX=152331 GN=GKC44_02045 PE=4 SV=1
tr|B3Y006|B3Y006_STAEP	HDC	310	Staphylococcus epidermidis	4.1.1.22	PF01276	Yes	No	tr|B3Y006|B3Y006_STAEP Histidine decarboxylase proenzyme OS=Staphylococcus epidermidis OX=1282 GN=hdcA PE=4 SV=1
tr|A9IZZ1|A9IZZ1_STACP	HDC	310	Staphylococcus capitis	4.1.1.22	PF01276	Yes	No	tr|A9IZZ1|A9IZZ1_STACP Histidine decarboxylase proenzyme OS=Staphylococcus capitis OX=29388 GN=hdcA PE=4 SV=1
tr|A0A380GYH1|A0A380GYH1_9STAP	HDC	310	Staphylococcus saccharolyticus	4.1.1.22	PF01276	Yes	No	tr|A0A380GYH1|A0A380GYH1_9STAP Histidine decarboxylase proenzyme OS=Staphylococcus saccharolyticus OX=33028 GN=hdcA PE=4 SV=1
tr|R9WJ15|R9WJ15_LIMRT	HDC	311	Limosilactobacillus reuteri I5007	4.1.1.22	PF01276	Yes	No	tr|R9WJ15|R9WJ15_LIMRT Histidine decarboxylase proenzyme OS=Limosilactobacillus reuteri I5007 OX=1340495 GN=LRI_1920 PE=4 SV=1
tr|N9W9K1|N9W9K1_9CLOT	HDC	311	Clostridium thermobutyricum	4.1.1.22	PF01276	Yes	No	tr|N9W9K1|N9W9K1_9CLOT Histidine decarboxylase proenzyme OS=Clostridium thermobutyricum OX=29372 GN=HMPREF1092_02821 PE=4 SV=1
tr|M5J5F0|M5J5F0_9LACO	HDC	311	Ligilactobacillus saerimneri 30a	4.1.1.22	PF01276	Yes	No	tr|M5J5F0|M5J5F0_9LACO Histidine decarboxylase proenzyme OS=Ligilactobacillus saerimneri 30a OX=1227363 GN=D271_02054 PE=4 SV=1
tr|E7AXS8|E7AXS8_STRTR	HDC	311	Streptococcus thermophilus	4.1.1.22	PF01276	Yes	No	tr|E7AXS8|E7AXS8_STRTR Histidine decarboxylase proenzyme OS=Streptococcus thermophilus OX=1308 GN=hdcA PE=4 SV=1
tr|E0WF75|E0WF75_STRTR	HDC	311	Streptococcus thermophilus	4.1.1.22	PF01276	Yes	No	tr|E0WF75|E0WF75_STRTR Histidine decarboxylase proenzyme OS=Streptococcus thermophilus OX=1308 GN=hdcA PE=4 SV=1
tr|C2EUU3|C2EUU3_9LACO	HDC	311	Histidine decarboxylase	4.1.1.22	PF01276	Yes	No	tr|C2EUU3|C2EUU3_9LACO Histidine decarboxylase proenzyme OS=Limosilactobacillus vaginalis DSM 5837 = ATCC 49540 OX=1423814 GN=HMPREF0549_1229 PE=4 SV=1
tr|A5VMJ7|A5VMJ7_LIMRD	HDC	311	Limosilactobacillus reuteri (strain DSM 20016)	4.1.1.22	PF01276	Yes	No	tr|A5VMJ7|A5VMJ7_LIMRD Histidine decarboxylase proenzyme OS=Limosilactobacillus reuteri (strain DSM 20016) OX=557436 GN=Lreu_1832 PE=4 SV=1
tr|A0AB33BJQ7|A0AB33BJQ7_9LACO	HDC	311	Fructilactobacillus lindneri	4.1.1.22	PF01276	Yes	No	tr|A0AB33BJQ7|A0AB33BJQ7_9LACO Histidine decarboxylase proenzyme OS=Fructilactobacillus lindneri OX=53444 GN=AYR59_06675 PE=4 SV=1
tr|A0AAE6P0K8|A0AAE6P0K8_9LACO	HDC	311	Fructilactobacillus fructivorans	4.1.1.22	PF01276	Yes	No	tr|A0AAE6P0K8|A0AAE6P0K8_9LACO Histidine decarboxylase proenzyme OS=Fructilactobacillus fructivorans OX=1614 GN=LF543_00500 PE=4 SV=1
tr|A0A7X9S7Q5|A0A7X9S7Q5_9CLOT	HDC	311	Clostridium sp. SM-530-WT-3G	4.1.1.22	PF01276	Yes	No	tr|A0A7X9S7Q5|A0A7X9S7Q5_9CLOT Histidine decarboxylase proenzyme OS=Clostridium sp. SM-530-WT-3G OX=2725303 GN=HF850_14500 PE=4 SV=1
tr|A0A510WS21|A0A510WS21_9LACO	HDC	311	Ligilactobacillus aviarius	4.1.1.22	PF01276	Yes	No	tr|A0A510WS21|A0A510WS21_9LACO Histidine decarboxylase proenzyme OS=Ligilactobacillus aviarius OX=1606 GN=LAV01_02030 PE=4 SV=1
tr|A0A417ZC49|A0A417ZC49_9LACO	HDC	311	Bombilactobacillus bombi	4.1.1.22	PF01276	Yes	No	tr|A0A417ZC49|A0A417ZC49_9LACO Histidine decarboxylase proenzyme OS=Bombilactobacillus bombi OX=1303590 GN=DS832_02565 PE=4 SV=1
tr|A0A317GG81|A0A317GG81_LIMRT	HDC	311	Limosilactobacillus reuteri	4.1.1.22	PF01276	Yes	No	tr|A0A317GG81|A0A317GG81_LIMRT Histidine decarboxylase proenzyme OS=Limosilactobacillus reuteri OX=1598 GN=DKZ23_08025 PE=4 SV=1
tr|A0A1V4STV5|A0A1V4STV5_9CLOT	HDC	311	Clostridium thermobutyricum DSM 4928	4.1.1.22	PF01276	Yes	No	tr|A0A1V4STV5|A0A1V4STV5_9CLOT Histidine decarboxylase proenzyme OS=Clostridium thermobutyricum DSM 4928 OX=1121339 GN=hdcA PE=4 SV=1
tr|A0A1V4FJJ1|A0A1V4FJJ1_LIMRT	HDC	311	Limosilactobacillus reuteri	4.1.1.22	PF01276	Yes	No	tr|A0A1V4FJJ1|A0A1V4FJJ1_LIMRT Histidine decarboxylase proenzyme OS=Limosilactobacillus reuteri OX=1598 GN=B5D07_08705 PE=4 SV=1
tr|A0A0K6GJ74|A0A0K6GJ74_LIMRT	HDC	311	Limosilactobacillus reuteri	4.1.1.22	PF01276	Yes	No	tr|A0A0K6GJ74|A0A0K6GJ74_LIMRT Histidine decarboxylase proenzyme OS=Limosilactobacillus reuteri OX=1598 GN=hdcA PE=4 SV=1
tr|A0A5P0J8H1|A0A5P0J8H1_ECOLX	LDC	541	Escherichia coli	4.1.1.18	PF01276	Yes	No	tr|A0A5P0J8H1|A0A5P0J8H1_ECOLX lysine decarboxylase (Fragment) OS=Escherichia coli OX=562 GN=EIZ93_10845 PE=3 SV=1
tr|A0A376TMI2|A0A376TMI2_ECOLX	LDC	643	Escherichia coli	4.1.1.18	PF01276	Yes	Yes	tr|A0A376TMI2|A0A376TMI2_ECOLX lysine decarboxylase OS=Escherichia coli OX=562 GN=cadA_2 PE=3 SV=1
tr|A0A454A1H7|A0A454A1H7_ECOL5	LDC	708	Escherichia coli O6:K15:H31 (strain 536 / UPEC)	4.1.1.18	PF01276	Yes	Yes	tr|A0A454A1H7|A0A454A1H7_ECOL5 Lysine decarboxylase OS=Escherichia coli O6:K15:H31 (strain 536 / UPEC) OX=362663 GN=ECP_0327 PE=3 SV=1
tr|A0A5F1HTE9|A0A5F1HTE9_9ESCH	LDC	710	Escherichia sp. E1130	4.1.1.18	PF01276	Yes	Yes	tr|A0A5F1HTE9|A0A5F1HTE9_9ESCH lysine decarboxylase OS=Escherichia sp. E1130 OX=2041645 GN=CQJ27_25020 PE=3 SV=1
tr|A0A5F1ETV4|A0A5F1ETV4_9ESCH	LDC	710	Escherichia sp. E3659	4.1.1.18	PF01276	Yes	Yes	tr|A0A5F1ETV4|A0A5F1ETV4_9ESCH lysine decarboxylase OS=Escherichia sp. E3659 OX=2044462 GN=FEK47_23580 PE=3 SV=1
tr|A0A3L0VYI9|A0A3L0VYI9_ECOLX	LDC	710	Escherichia coli	4.1.1.18	PF01276	Yes	Yes	tr|A0A3L0VYI9|A0A3L0VYI9_ECOLX lysine decarboxylase OS=Escherichia coli OX=562 GN=D9F05_06235 PE=3 SV=1
tr|A0A090UZB3|A0A090UZB3_PSEVU	LDC	712	Pseudescherichia vulneris NBRC 102420	4.1.1.18	PF01276	Yes	Yes	tr|A0A090UZB3|A0A090UZB3_PSEVU lysine decarboxylase OS=Pseudescherichia vulneris NBRC 102420 OX=1115515 GN=ldcC PE=3 SV=1
tr|W1EWV1|W1EWV1_ECOLX	LDC	713	Escherichia coli ISC7	4.1.1.18	PF01276	Yes	Yes	tr|W1EWV1|W1EWV1_ECOLX lysine decarboxylase OS=Escherichia coli ISC7 OX=1432555 PE=3 SV=1
tr|B7N853|B7N853_ECOLU	LDC	713	Escherichia coli O17:K52:H18 (strain UMN026 / ExPEC)	4.1.1.18	PF01276	Yes	Yes	tr|B7N853|B7N853_ECOLU lysine decarboxylase OS=Escherichia coli O17:K52:H18 (strain UMN026 / ExPEC) OX=585056 GN=ldcC PE=3 SV=1
tr|B7MP46|B7MP46_ECO81	LDC	713	Escherichia coli O81 (strain ED1a)	4.1.1.18	PF01276	Yes	Yes	tr|B7MP46|B7MP46_ECO81 lysine decarboxylase OS=Escherichia coli O81 (strain ED1a) OX=585397 GN=ldcC PE=3 SV=1
tr|B7MBG7|B7MBG7_ECO45	LDC	713	Escherichia coli O45:K1 (strain S88 / ExPEC)	4.1.1.18	PF01276	Yes	Yes	tr|B7MBG7|B7MBG7_ECO45 lysine decarboxylase OS=Escherichia coli O45:K1 (strain S88 / ExPEC) OX=585035 GN=ldcC PE=3 SV=1
tr|B1LGY8|B1LGY8_ECOSM	LDC	713	Escherichia coli (strain SMS-3-5 / SECEC)	4.1.1.18	PF01276	Yes	Yes	tr|B1LGY8|B1LGY8_ECOSM lysine decarboxylase OS=Escherichia coli (strain SMS-3-5 / SECEC) OX=439855 GN=ldcC1 PE=3 SV=1
tr|A0AAV3H1L8|A0AAV3H1L8_ECOLX	LDC	713	Escherichia coli EC1870	1870	PF01276	Yes	Yes	tr|A0AAV3H1L8|A0AAV3H1L8_ECOLX lysine decarboxylase OS=Escherichia coli EC1870 OX=1005554 GN=ldcC1 PE=3 SV=1
tr|A0AAP9MPX1|A0AAP9MPX1_ECOLX	LDC	713	Escherichia coli O121	4.1.1.18	PF01276	Yes	Yes	tr|A0AAP9MPX1|A0AAP9MPX1_ECOLX lysine decarboxylase OS=Escherichia coli O121 OX=1055537 GN=ldcC PE=3 SV=1
tr|A0AAN4T003|A0AAN4T003_ECOLX	LDC	713	Escherichia coli 1-250-04_S3_C1	4.1.1.18	PF01276	Yes	Yes	tr|A0AAN4T003|A0AAN4T003_ECOLX lysine decarboxylase OS=Escherichia coli 1-250-04_S3_C1 OX=1444135 GN=ldcC PE=3 SV=1
tr|A0AAN3V1A5|A0AAN3V1A5_ECOLX	LDC	713	Escherichia coli 4.0967	40967	PF01276	Yes	Yes	tr|A0AAN3V1A5|A0AAN3V1A5_ECOLX lysine decarboxylase OS=Escherichia coli 4.0967 OX=869687 GN=EC40967_0196 PE=3 SV=1
tr|A0AAN3Q342|A0AAN3Q342_ECOLX	LDC	713	Escherichia coli	4.1.1.18	PF01276	Yes	Yes	tr|A0AAN3Q342|A0AAN3Q342_ECOLX lysine decarboxylase OS=Escherichia coli OX=562 GN=ldcC PE=3 SV=1
tr|A0AAJ2Y4Q7|A0AAJ2Y4Q7_ECOLX	LDC	713	Escherichia coli	4.1.1.18	PF01276	Yes	Yes	tr|A0AAJ2Y4Q7|A0AAJ2Y4Q7_ECOLX lysine decarboxylase OS=Escherichia coli OX=562 GN=ldcC PE=3 SV=1
tr|A0AAI9BA44|A0AAI9BA44_ECOLX	LDC	713	Escherichia coli	4.1.1.18	PF01276	Yes	Yes	tr|A0AAI9BA44|A0AAI9BA44_ECOLX lysine decarboxylase OS=Escherichia coli OX=562 GN=ldcC PE=3 SV=1
tr|A0AAD2RZ77|A0AAD2RZ77_ECOLX	LDC	713	Escherichia coli O6	4.1.1.18	PF01276	Yes	Yes	tr|A0AAD2RZ77|A0AAD2RZ77_ECOLX lysine decarboxylase OS=Escherichia coli O6 OX=217992 GN=EIG44_01705 PE=3 SV=1
tr|A0AA36P6J4|A0AA36P6J4_ECOLX	LDC	713	Escherichia coli O25b:H4-ST131	4.1.1.18	PF01276	Yes	Yes	tr|A0AA36P6J4|A0AA36P6J4_ECOLX lysine decarboxylase OS=Escherichia coli O25b:H4-ST131 OX=941322 GN=ldcC PE=3 SV=1
tr|A0A8T6QEE6|A0A8T6QEE6_ECOLX	LDC	713	Escherichia coli	4.1.1.18	PF01276	Yes	Yes	tr|A0A8T6QEE6|A0A8T6QEE6_ECOLX lysine decarboxylase OS=Escherichia coli OX=562 GN=ldcC PE=3 SV=1
tr|A0A8S7XAP2|A0A8S7XAP2_ECOLX	LDC	713	Escherichia coli	4.1.1.18	PF01276	Yes	Yes	tr|A0A8S7XAP2|A0A8S7XAP2_ECOLX lysine decarboxylase OS=Escherichia coli OX=562 GN=ldcC PE=3 SV=1
tr|A0A8S7SFB6|A0A8S7SFB6_ECOLX	LDC	713	Escherichia coli	4.1.1.18	PF01276	Yes	Yes	tr|A0A8S7SFB6|A0A8S7SFB6_ECOLX lysine decarboxylase OS=Escherichia coli OX=562 GN=ldcC PE=3 SV=1
tr|A0A8S7EC57|A0A8S7EC57_ECOLX	LDC	713	Escherichia coli	57	PF01276	Yes	Yes	tr|A0A8S7EC57|A0A8S7EC57_ECOLX lysine decarboxylase OS=Escherichia coli OX=562 GN=ldcC PE=3 SV=1
tr|A0A8S7BET3|A0A8S7BET3_ECOLX	LDC	713	Escherichia coli	4.1.1.18	PF01276	Yes	Yes	tr|A0A8S7BET3|A0A8S7BET3_ECOLX lysine decarboxylase OS=Escherichia coli OX=562 GN=ldcC PE=3 SV=1
tr|A0A8B3LY73|A0A8B3LY73_ECOLX	LDC	713	Escherichia coli	4.1.1.18	PF01276	Yes	Yes	tr|A0A8B3LY73|A0A8B3LY73_ECOLX lysine decarboxylase OS=Escherichia coli OX=562 GN=CIG67_16665 PE=3 SV=1
tr|A0A828UA72|A0A828UA72_ECOLX	LDC	713	Escherichia coli DEC2D	2	PF01276	Yes	Yes	tr|A0A828UA72|A0A828UA72_ECOLX lysine decarboxylase OS=Escherichia coli DEC2D OX=868141 GN=ECDEC2D_0324 PE=3 SV=1
tr|A0A828LBJ7|A0A828LBJ7_ECOLX	LDC	713	Escherichia coli	4.1.1.18	PF01276	Yes	Yes	tr|A0A828LBJ7|A0A828LBJ7_ECOLX lysine decarboxylase OS=Escherichia coli OX=562 GN=ldcC PE=3 SV=1
tr|A0A7W3ENM5|A0A7W3ENM5_ESCFE	LDC	713	Escherichia fergusonii	4.1.1.18	PF01276	Yes	Yes	tr|A0A7W3ENM5|A0A7W3ENM5_ESCFE lysine decarboxylase OS=Escherichia fergusonii OX=564 GN=ldcC PE=3 SV=1
tr|A0A7B2P454|A0A7B2P454_ECOLX	LDC	713	Escherichia coli	4.1.1.18	PF01276	Yes	Yes	tr|A0A7B2P454|A0A7B2P454_ECOLX lysine decarboxylase OS=Escherichia coli OX=562 GN=ldcC PE=3 SV=1
tr|A0A6D0FWI8|A0A6D0FWI8_ECOLX	LDC	713	Escherichia coli	4.1.1.18	PF01276	Yes	Yes	tr|A0A6D0FWI8|A0A6D0FWI8_ECOLX lysine decarboxylase OS=Escherichia coli OX=562 GN=ldcC PE=3 SV=1
tr|A0A5B9AL72|A0A5B9AL72_ECOLX	LDC	713	Escherichia coli	4.1.1.18	PF01276	Yes	Yes	tr|A0A5B9AL72|A0A5B9AL72_ECOLX lysine decarboxylase OS=Escherichia coli OX=562 GN=ldcC PE=3 SV=1
tr|A0A3R0MUJ9|A0A3R0MUJ9_ECOLX	LDC	713	Escherichia coli	4.1.1.18	PF01276	Yes	Yes	tr|A0A3R0MUJ9|A0A3R0MUJ9_ECOLX lysine decarboxylase OS=Escherichia coli OX=562 GN=ldcC PE=3 SV=1
tr|A0A3K0JR06|A0A3K0JR06_ECOLX	LDC	713	Escherichia coli	4.1.1.18	PF01276	Yes	Yes	tr|A0A3K0JR06|A0A3K0JR06_ECOLX lysine decarboxylase OS=Escherichia coli OX=562 GN=D9J61_11595 PE=3 SV=1
tr|A0A377FDI4|A0A377FDI4_ECOLX	LDC	713	Escherichia coli	4.1.1.18	PF01276	Yes	Yes	tr|A0A377FDI4|A0A377FDI4_ECOLX lysine decarboxylase OS=Escherichia coli OX=562 GN=ldcC PE=3 SV=1
tr|A0A376PZW7|A0A376PZW7_ECOLX	LDC	713	Escherichia coli	4.1.1.18	PF01276	Yes	Yes	tr|A0A376PZW7|A0A376PZW7_ECOLX lysine decarboxylase OS=Escherichia coli OX=562 GN=ldcC PE=3 SV=1
tr|A0A376LIK0|A0A376LIK0_ECOLX	LDC	713	Escherichia coli	4.1.1.18	PF01276	Yes	Yes	tr|A0A376LIK0|A0A376LIK0_ECOLX lysine decarboxylase OS=Escherichia coli OX=562 GN=ldcC PE=3 SV=1
tr|A0A370QPM7|A0A370QPM7_9GAMM	LDC	713	Enterobacillus tribolii	4.1.1.18	PF01276	Yes	Yes	tr|A0A370QPM7|A0A370QPM7_9GAMM lysine decarboxylase OS=Enterobacillus tribolii OX=1487935 GN=C8D90_10516 PE=3 SV=1
tr|A0A366YSW8|A0A366YSW8_ECOLX	LDC	713	Escherichia coli	4.1.1.18	PF01276	Yes	Yes	tr|A0A366YSW8|A0A366YSW8_ECOLX lysine decarboxylase OS=Escherichia coli OX=562 GN=ldcC PE=3 SV=1
tr|A0A2X1MW20|A0A2X1MW20_ECOLX	LDC	713	Escherichia coli	4.1.1.18	PF01276	Yes	Yes	tr|A0A2X1MW20|A0A2X1MW20_ECOLX lysine decarboxylase OS=Escherichia coli OX=562 GN=ldcC PE=3 SV=1
tr|A0A2S8JQR0|A0A2S8JQR0_ECOLX	LDC	713	Escherichia coli	4.1.1.18	PF01276	Yes	Yes	tr|A0A2S8JQR0|A0A2S8JQR0_ECOLX lysine decarboxylase OS=Escherichia coli OX=562 GN=ldcC PE=3 SV=1
tr|A0A0N8S5M5|A0A0N8S5M5_PSEA0	ODC	449	Pseudomonas amygdali pv. mori	4.1.1.17	PF01276	Yes	Yes	tr|A0A0N8S5M5|A0A0N8S5M5_PSEA0 ornithine decarboxylase OS=Pseudomonas amygdali pv. mori OX=34065 GN=ALO63_05431 PE=3 SV=1
tr|A0A0Q0BIZ5|A0A0Q0BIZ5_PSESI	ODC	450	Pseudomonas syringae pv. ribicola	4.1.1.17	PF01276	Yes	Yes	tr|A0A0Q0BIZ5|A0A0Q0BIZ5_PSESI ornithine decarboxylase OS=Pseudomonas syringae pv. ribicola OX=55398 GN=ALO47_03545 PE=3 SV=1
tr|A0A2K4WV53|A0A2K4WV53_PSESX	ODC	371	Pseudomonas syringae	4.1.1.17	PF01276	Yes	Yes	tr|A0A2K4WV53|A0A2K4WV53_PSESX ornithine decarboxylase OS=Pseudomonas syringae OX=317 GN=CFBP3840_02703 PE=3 SV=1
tr|A0A244EVI3|A0A244EVI3_PSESX	ODC	371	Pseudomonas syringae	4.1.1.17	PF01276	Yes	Yes	tr|A0A244EVI3|A0A244EVI3_PSESX ornithine decarboxylase OS=Pseudomonas syringae OX=317 GN=BW686_04300 PE=3 SV=1
tr|A0A0P9M5H2|A0A0P9M5H2_9PSED	ODC	371	Pseudomonas syringae pv. coryli	4.1.1.17	PF01276	Yes	Yes	tr|A0A0P9M5H2|A0A0P9M5H2_9PSED ornithine decarboxylase OS=Pseudomonas syringae pv. coryli OX=317659 GN=ALO75_03893 PE=3 SV=1
tr|A0A0N1LPM7|A0A0N1LPM7_9BRAD	ODC	380	Rhodopseudomonas sp. AAP120	4.1.1.17	PF01276	Yes	Yes	tr|A0A0N1LPM7|A0A0N1LPM7_9BRAD ornithine decarboxylase OS=Rhodopseudomonas sp. AAP120 OX=1523430 GN=IP86_27655 PE=3 SV=1
tr|Q9HVQ3|Q9HVQ3_PSEAE	ODC	387	Pseudomonas aeruginosa (strain ATCC 15692 / DSM 22644 / CIP 104116 / JCM 14847 / LMG 12228 / 1C / PRS 101 / PAO1)	4.1.1.17	PF01276	Yes	Yes	tr|Q9HVQ3|Q9HVQ3_PSEAE ornithine decarboxylase OS=Pseudomonas aeruginosa (strain ATCC 15692 / DSM 22644 / CIP 104116 / JCM 14847 / LMG 12228 / 1C / PRS 101 / PAO1) OX=208964 GN=speC PE=3 SV=1
tr|A0A2M9GB80|A0A2M9GB80_9PSED	ODC	387	Pseudomonas sp. S10E 269	4.1.1.17	PF01276	Yes	Yes	tr|A0A2M9GB80|A0A2M9GB80_9PSED ornithine decarboxylase OS=Pseudomonas sp. S10E 269 OX=2054917 GN=CWC48_06180 PE=3 SV=1
tr|A0A2K4WPY2|A0A2K4WPY2_PSESX	ODC	387	Pseudomonas syringae	4.1.1.17	PF01276	Yes	Yes	tr|A0A2K4WPY2|A0A2K4WPY2_PSESX ornithine decarboxylase OS=Pseudomonas syringae OX=317 GN=CFBP3840_00897 PE=3 SV=1
tr|A0A2K4GCP6|A0A2K4GCP6_9PSED	ODC	387	Pseudomonas sp. FW300-N1A1	4.1.1.17	PF01276	Yes	Yes	tr|A0A2K4GCP6|A0A2K4GCP6_9PSED ornithine decarboxylase OS=Pseudomonas sp. FW300-N1A1 OX=2075555 GN=C1886_07595 PE=3 SV=1
tr|A0A2G0W7B5|A0A2G0W7B5_9PSED	ODC	387	Pseudomonas sp. ICMP 561	4.1.1.17	PF01276	Yes	Yes	tr|A0A2G0W7B5|A0A2G0W7B5_9PSED ornithine decarboxylase OS=Pseudomonas sp. ICMP 561 OX=1718918 GN=AO242_03175 PE=3 SV=1
tr|A0A2D2M318|A0A2D2M318_9PSED	ODC	387	Pseudomonas sp. HLS-6	4.1.1.17	PF01276	Yes	Yes	tr|A0A2D2M318|A0A2D2M318_9PSED ornithine decarboxylase OS=Pseudomonas sp. HLS-6 OX=2049589 GN=CS390_04720 PE=3 SV=1
tr|A0A2A2PIN4|A0A2A2PIN4_9PSED	ODC	387	Pseudomonas moraviensis	4.1.1.17	PF01276	Yes	Yes	tr|A0A2A2PIN4|A0A2A2PIN4_9PSED ornithine decarboxylase OS=Pseudomonas moraviensis OX=321662 GN=CKQ80_09410 PE=3 SV=1
tr|A0A257DWB9|A0A257DWB9_9PSED	ODC	387	Pseudomonas sp. PGPPP1	4.1.1.17	PF01276	Yes	Yes	tr|A0A257DWB9|A0A257DWB9_9PSED ornithine decarboxylase OS=Pseudomonas sp. PGPPP1 OX=2015553 GN=CFE47_19870 PE=3 SV=1
tr|A0A246G425|A0A246G425_9PSED	ODC	387	Pseudomonas sp. K2I15	48	PF01276	Yes	Yes	tr|A0A246G425|A0A246G425_9PSED ornithine decarboxylase OS=Pseudomonas sp. K2I15 OX=2013577 GN=CEC48_04645 PE=3 SV=1
tr|A0A239D3H9|A0A239D3H9_9PSED	ODC	387	Pseudomonas segetis	4.1.1.17	PF01276	Yes	Yes	tr|A0A239D3H9|A0A239D3H9_9PSED ornithine decarboxylase OS=Pseudomonas segetis OX=298908 GN=SAMN05216255_2019 PE=3 SV=1
tr|A0A239D0W8|A0A239D0W8_9PSED	ODC	387	Pseudomonas japonica	4.1.1.17	PF01276	Yes	Yes	tr|A0A239D0W8|A0A239D0W8_9PSED ornithine decarboxylase OS=Pseudomonas japonica OX=256466 GN=SAMN05444352_105166 PE=3 SV=1
tr|A0A223VMS4|A0A223VMS4_9PSED	ODC	387	Pseudomonas sp. NS1(2017)	4.1.1.17	PF01276	Yes	Yes	tr|A0A223VMS4|A0A223VMS4_9PSED ornithine decarboxylase OS=Pseudomonas sp. NS1(2017) OX=2025658 GN=CI807_10970 PE=3 SV=1
tr|A0A1Y6JQL2|A0A1Y6JQL2_PSEVI	ODC	387	Pseudomonas viridiflava	4.1.1.17	PF01276	Yes	Yes	tr|A0A1Y6JQL2|A0A1Y6JQL2_PSEVI ornithine decarboxylase OS=Pseudomonas viridiflava OX=33069 GN=CFBP1590__4650 PE=3 SV=1
tr|A0A1Y3P5E9|A0A1Y3P5E9_9PSED	ODC	387	Pseudomonas caspiana	4.1.1.17	PF01276	Yes	Yes	tr|A0A1Y3P5E9|A0A1Y3P5E9_9PSED ornithine decarboxylase OS=Pseudomonas caspiana OX=1451454 GN=AUC60_10825 PE=3 SV=1
tr|A0A1V0B4F8|A0A1V0B4F8_9GAMM	ODC	387	Halopseudomonas phragmitis	4.1.1.17	PF01276	Yes	Yes	tr|A0A1V0B4F8|A0A1V0B4F8_9GAMM ornithine decarboxylase OS=Halopseudomonas phragmitis OX=1931241 GN=BVH74_07890 PE=3 SV=1
tr|A0A1T1I883|A0A1T1I883_9PSED	ODC	387	Pseudomonas sp. MF4836	4.1.1.17	PF01276	Yes	Yes	tr|A0A1T1I883|A0A1T1I883_9PSED ornithine decarboxylase OS=Pseudomonas sp. MF4836 OX=1960827 GN=MF4836_07405 PE=3 SV=1
tr|A0A1S2UT74|A0A1S2UT74_9PSED	ODC	387	Pseudomonas costantinii	4.1.1.17	PF01276	Yes	Yes	tr|A0A1S2UT74|A0A1S2UT74_9PSED ornithine decarboxylase OS=Pseudomonas costantinii OX=168469 GN=BFL40_22095 PE=3 SV=1
tr|A0A1L5PJF2|A0A1L5PJF2_PSEPU	ODC	387	Pseudomonas putida	4.1.1.17	PF01276	Yes	Yes	tr|A0A1L5PJF2|A0A1L5PJF2_PSEPU ornithine decarboxylase OS=Pseudomonas putida OX=303 GN=BGP84_02470 PE=3 SV=1
tr|A0A1I5JBW9|A0A1I5JBW9_9GAMM	ODC	387	Ectopseudomonas composti	4.1.1.17	PF01276	Yes	Yes	tr|A0A1I5JBW9|A0A1I5JBW9_9GAMM ornithine decarboxylase OS=Ectopseudomonas composti OX=658457 GN=SAMN05216601_101201 PE=3 SV=1
tr|A0A1I3PXQ1|A0A1I3PXQ1_9GAMM	ODC	387	Phytopseudomonas argentinensis	4.1.1.17	PF01276	Yes	Yes	tr|A0A1I3PXQ1|A0A1I3PXQ1_9GAMM ornithine decarboxylase OS=Phytopseudomonas argentinensis OX=289370 GN=SAMN05216602_4515 PE=3 SV=1
tr|A0A1H6YC96|A0A1H6YC96_9PSED	ODC	387	Pseudomonas linyingensis	4.1.1.17	PF01276	Yes	Yes	tr|A0A1H6YC96|A0A1H6YC96_9PSED ornithine decarboxylase OS=Pseudomonas linyingensis OX=915471 GN=SAMN05216201_107119 PE=3 SV=1
tr|A0A1H5FFL3|A0A1H5FFL3_9PSED	ODC	387	Pseudomonas migulae	4.1.1.17	PF01276	Yes	Yes	tr|A0A1H5FFL3|A0A1H5FFL3_9PSED ornithine decarboxylase OS=Pseudomonas migulae OX=78543 GN=SAMN04490194_0741 PE=3 SV=1
tr|A0A1H4UG86|A0A1H4UG86_9PSED	ODC	387	Pseudomonas frederiksbergensis	4.1.1.17	PF01276	Yes	Yes	tr|A0A1H4UG86|A0A1H4UG86_9PSED ornithine decarboxylase OS=Pseudomonas frederiksbergensis OX=104087 GN=SAMN04490185_1882 PE=3 SV=1
tr|A0A1H2B1H5|A0A1H2B1H5_9PSED	ODC	387	Pseudomonas sp. Z003-0.4C(8344-21)	4.1.1.17	PF01276	Yes	Yes	tr|A0A1H2B1H5|A0A1H2B1H5_9PSED ornithine decarboxylase OS=Pseudomonas sp. Z003-0.4C(8344-21) OX=1855380 GN=SAMN05216496_5075 PE=3 SV=1
tr|A0A1H1TA61|A0A1H1TA61_9PSED	ODC	387	Pseudomonas prosekii	4.1.1.17	PF01276	Yes	Yes	tr|A0A1H1TA61|A0A1H1TA61_9PSED ornithine decarboxylase OS=Pseudomonas prosekii OX=1148509 GN=SAMN05216222_1751 PE=3 SV=1
tr|A0A1H0E8T1|A0A1H0E8T1_9PSED	ODC	387	Pseudomonas antarctica	4.1.1.17	PF01276	Yes	Yes	tr|A0A1H0E8T1|A0A1H0E8T1_9PSED ornithine decarboxylase OS=Pseudomonas antarctica OX=219572 GN=SAMN04490179_5887 PE=3 SV=1
tr|A0A1G7TP44|A0A1G7TP44_9GAMM	ODC	387	Phytopseudomonas seleniipraecipitans	4.1.1.17	PF01276	Yes	Yes	tr|A0A1G7TP44|A0A1G7TP44_9GAMM ornithine decarboxylase OS=Phytopseudomonas seleniipraecipitans OX=640205 GN=SAMN05216381_3822 PE=3 SV=1
tr|A0A1F1PY75|A0A1F1PY75_9PSED	ODC	387	Pseudomonas sp. HMSC08G10	4.1.1.17	PF01276	Yes	Yes	tr|A0A1F1PY75|A0A1F1PY75_9PSED ornithine decarboxylase OS=Pseudomonas sp. HMSC08G10 OX=1581141 GN=HMPREF3173_23375 PE=3 SV=1
tr|A0A1C7ZBP6|A0A1C7ZBP6_PSESX	ODC	387	Pseudomonas syringae	4.1.1.17	PF01276	Yes	Yes	tr|A0A1C7ZBP6|A0A1C7ZBP6_PSESX ornithine decarboxylase OS=Pseudomonas syringae OX=317 GN=AFK24_07080 PE=3 SV=1
tr|A0A1C2DVG9|A0A1C2DVG9_9PSED	ODC	387	Pseudomonas graminis	4.1.1.17	PF01276	Yes	Yes	tr|A0A1C2DVG9|A0A1C2DVG9_9PSED ornithine decarboxylase OS=Pseudomonas graminis OX=158627 GN=BBI10_16675 PE=3 SV=1
tr|A0A1B5DQ51|A0A1B5DQ51_9PSED	ODC	387	Pseudomonas sp. 44 R 15	4.1.1.17	PF01276	Yes	Yes	tr|A0A1B5DQ51|A0A1B5DQ51_9PSED ornithine decarboxylase OS=Pseudomonas sp. 44 R 15 OX=1844105 GN=ldc PE=3 SV=1
tr|A0A1B3E211|A0A1B3E211_9PSED	ODC	387	Pseudomonas sp. TCU-HL1	4.1.1.17	PF01276	Yes	Yes	tr|A0A1B3E211|A0A1B3E211_9PSED ornithine decarboxylase OS=Pseudomonas sp. TCU-HL1 OX=1856685 GN=THL1_1033 PE=3 SV=1
tr|A0A177KQC4|A0A177KQC4_9PSED	ODC	387	Pseudomonas monteilii	4.1.1.17	PF01276	Yes	Yes	tr|A0A177KQC4|A0A177KQC4_9PSED ornithine decarboxylase OS=Pseudomonas monteilii OX=76759 GN=AYJ70_04680 PE=3 SV=1
tr|A0A166N0T2|A0A166N0T2_PSEFL	ODC	387	Pseudomonas fluorescens	4.1.1.17	PF01276	Yes	Yes	tr|A0A166N0T2|A0A166N0T2_PSEFL ornithine decarboxylase OS=Pseudomonas fluorescens OX=294 GN=A1D17_10390 PE=3 SV=1
tr|A0A127HWE8|A0A127HWE8_PSEAZ	ODC	387	Pseudomonas azotoformans	4.1.1.17	PF01276	Yes	Yes	tr|A0A127HWE8|A0A127HWE8_PSEAZ ornithine decarboxylase OS=Pseudomonas azotoformans OX=47878 GN=AYR47_11380 PE=3 SV=1
tr|A0A0X7K3J7|A0A0X7K3J7_9PSED	ODC	387	Pseudomonas palleroniana	4.1.1.17	PF01276	Yes	Yes	tr|A0A0X7K3J7|A0A0X7K3J7_9PSED ornithine decarboxylase OS=Pseudomonas palleroniana OX=191390 GN=AWV77_14285 PE=3 SV=1
tr|A0A0Q8AEI0|A0A0Q8AEI0_9PSED	ODC	387	Pseudomonas sp. Root562	4.1.1.17	PF01276	Yes	Yes	tr|A0A0Q8AEI0|A0A0Q8AEI0_9PSED ornithine decarboxylase OS=Pseudomonas sp. Root562 OX=1736561 GN=ASD60_08275 PE=3 SV=1
tr|A0A0Q6ZXN3|A0A0Q6ZXN3_9PSED	ODC	387	Pseudomonas sp. Root401	4.1.1.17	PF01276	Yes	Yes	tr|A0A0Q6ZXN3|A0A0Q6ZXN3_9PSED ornithine decarboxylase OS=Pseudomonas sp. Root401 OX=1736526 GN=ASC85_26965 PE=3 SV=1
tr|A0A0Q6QDD2|A0A0Q6QDD2_9PSED	ODC	387	Pseudomonas sp. Root329	4.1.1.17	PF01276	Yes	Yes	tr|A0A0Q6QDD2|A0A0Q6QDD2_9PSED ornithine decarboxylase OS=Pseudomonas sp. Root329 OX=1736515 GN=ASC74_04850 PE=3 SV=1
tr|A0A0N0WZJ6|A0A0N0WZJ6_PSEAV	ODC	387	Pseudomonas amygdali pv. lachrymans	4.1.1.17	PF01276	Yes	Yes	tr|A0A0N0WZJ6|A0A0N0WZJ6_PSEAV ornithine decarboxylase OS=Pseudomonas amygdali pv. lachrymans OX=53707 GN=ALO35_02156 PE=3 SV=1
